{"cameraMode":{"drawMode":0,"name":"Shaded","section":"Shading Mode"},"sceneLighting":false,"audioPlay":false,"sceneViewState":{"showFog":true,"showMaterialUpdate":false,"showSkybox":false,"showFlares":true,"showImageEffects":true,"showParticleSystems":true},"in2DMode":false,"pivot":{"x":-9.635602951049805,"y":4.938934326171875,"z":-15.184093475341797},"rotation":{"x":0.13070689141750337,"y":0.4567403495311737,"z":-0.0680493637919426,"w":0.8773184418678284},"size":19.900466918945314,"orthographic":true}