{"cameraMode":{"drawMode":0,"name":"Shaded","section":"Shading Mode"},"sceneLighting":true,"audioPlay":false,"sceneViewState":{"showFog":true,"showMaterialUpdate":false,"showSkybox":true,"showFlares":true,"showImageEffects":true,"showParticleSystems":true},"in2DMode":false,"pivot":{"x":21.45446014404297,"y":-17.26276397705078,"z":-24.33544158935547},"rotation":{"x":-0.14880503714084626,"y":-0.694232165813446,"z":0.15015004575252534,"w":-0.6880242228507996},"size":154.28550720214845,"orthographic":false}