{"cameraMode":{"drawMode":0,"name":"Shaded","section":"Shading Mode"},"sceneLighting":true,"audioPlay":false,"sceneViewState":{"showFog":true,"showMaterialUpdate":false,"showSkybox":true,"showFlares":true,"showImageEffects":true,"showParticleSystems":true},"in2DMode":false,"pivot":{"x":-76.2353286743164,"y":1.0219721794128419,"z":-57.305381774902347},"rotation":{"x":-0.047575078904628757,"y":0.9444805383682251,"z":-0.15813954174518586,"w":-0.28411227464675906},"size":34.25333786010742,"orthographic":false}