{"cameraMode":{"drawMode":0,"name":"Shaded","section":"Shading Mode"},"sceneLighting":false,"audioPlay":false,"sceneViewState":{"showFog":true,"showMaterialUpdate":false,"showSkybox":false,"showFlares":true,"showImageEffects":true,"showParticleSystems":true},"in2DMode":false,"pivot":{"x":-24.16341209411621,"y":1.9743456840515137,"z":-18.539600372314454},"rotation":{"x":0.15276366472244264,"y":-0.7201284766197205,"z":0.16777652502059937,"w":0.6556903719902039},"size":10.216217041015625,"orthographic":false}