{"cameraMode":{"drawMode":0,"name":"Shaded","section":"Shading Mode"},"sceneLighting":false,"audioPlay":false,"sceneViewState":{"showFog":true,"showMaterialUpdate":false,"showSkybox":false,"showFlares":true,"showImageEffects":true,"showParticleSystems":true},"in2DMode":false,"pivot":{"x":3.637598752975464,"y":2.2935709953308107,"z":1.5403133630752564},"rotation":{"x":0.15276366472244264,"y":-0.7201284766197205,"z":0.16777652502059937,"w":0.6556903719902039},"size":11.624186515808106,"orthographic":false}