{"cameraMode":{"drawMode":0,"name":"Shaded","section":"Shading Mode"},"sceneLighting":false,"audioPlay":false,"sceneViewState":{"showFog":true,"showMaterialUpdate":false,"showSkybox":false,"showFlares":true,"showImageEffects":true,"showParticleSystems":true},"in2DMode":false,"pivot":{"x":-24.733707427978517,"y":1.9945387840270997,"z":-15.820135116577149},"rotation":{"x":0.15276366472244264,"y":-0.7201284766197205,"z":0.16777652502059937,"w":0.6556903719902039},"size":10.133550643920899,"orthographic":false}