{"cameraMode":{"drawMode":0,"name":"Shaded","section":"Shading Mode"},"sceneLighting":false,"audioPlay":false,"sceneViewState":{"showFog":true,"showMaterialUpdate":false,"showSkybox":false,"showFlares":true,"showImageEffects":true,"showParticleSystems":true},"in2DMode":false,"pivot":{"x":-14.372259140014649,"y":4.2953290939331059,"z":-4.937192440032959},"rotation":{"x":-0.04863489419221878,"y":0.7071150541305542,"z":-0.04886862635612488,"w":-0.7037322521209717},"size":9.877927780151368,"orthographic":false}