{"cameraMode":{"drawMode":0,"name":"Shaded","section":"Shading Mode"},"sceneLighting":false,"audioPlay":false,"sceneViewState":{"showFog":true,"showMaterialUpdate":false,"showSkybox":false,"showFlares":true,"showImageEffects":true,"showParticleSystems":true},"in2DMode":false,"pivot":{"x":45.560001373291019,"y":1.1599998474121094,"z":0.0},"rotation":{"x":0.183156818151474,"y":-0.07953836768865586,"z":0.014869055710732937,"w":0.979748010635376},"size":36.677330017089847,"orthographic":false}