{"cameraMode":{"drawMode":0,"name":"Shaded","section":"Shading Mode"},"sceneLighting":true,"audioPlay":false,"sceneViewState":{"showFog":true,"showMaterialUpdate":false,"showSkybox":true,"showFlares":true,"showImageEffects":true,"showParticleSystems":true},"in2DMode":false,"pivot":{"x":8.138622283935547,"y":0.6180274486541748,"z":-3.0039002895355226},"rotation":{"x":0.04797855392098427,"y":-0.011384990997612477,"z":0.0005469023599289358,"w":0.9987837076187134},"size":3.9183504581451418,"orthographic":false}